<?xml version="1.0" encoding="UTF-8"?>

<!-- EQUIPO 01 -->
<!-- AUTOR: ARMANDO VENTURA DOMINGUEZ -->

<!DOCTYPE mapper PUBLIC "-//mybatis.org//DTD Mapper 3.0//EN" "http://mybatis.org/dtd/mybatis-3-mapper.dtd">

<mapper namespace="cursoDAgil.bd.mappers.ClienteMapper">

	<resultMap id="BaseResultMap" type="cursoDAgil.bd.domain.Cliente">
		<id column="id" jdbcType="INTEGER" property="id"/>
		<result column="nombre" jdbcType="VARCHAR" property="nombre"/>
		<result column="apellido" jdbcType="VARCHAR" property="apellido"/>
		<result column="email" jdbcType="VARCHAR" property="email"/>
		<result column="sexo" jdbcType="VARCHAR" property="sexo"/>
		<result column="idDireccion" jdbcType="VARCHAR" property="idDireccion"/>
	</resultMap>
	
	<resultMap id="ResultClienteDireccion" type="cursoDAgil.bd.domain.Cliente">
		<id column="id" property="id"/>
		<result column="nombre" jdbcType="VARCHAR" property="nombre"/>
		<result column="apellido" jdbcType="VARCHAR" property="apellido"/>
		<result column="email" jdbcType="VARCHAR" property="email"/>
		<result column="sexo" jdbcType="VARCHAR" property="sexo"/>
		<result column="idDireccion" jdbcType="VARCHAR" property="idDireccion"/>
		<association property="direccion" column="idDireccion" resultMap="DireccionResultMap"/>
	</resultMap>
	
	<resultMap id="DireccionResultMap" type="cursoDAgil.bd.domain.Direccion">
		<id column="idDireccion" property="idDireccion"/>
		<result column="calle" property="calle"/>
		<result column="numero" property="numero"/>
		<result column="colonia" property="colonia"/>
		<result column="ciudad" property="ciudad"/>
		<result column="estado" property="estado"/>
		<result column="pais" property="pais"/>
		<result column="codigoPostal" property="codigoPostal"/>
	</resultMap>
	
	<select id="listarClientes" resultMap="ResultClienteDireccion">
		SELECT * FROM cliente
	</select>
	
	<insert id="insertarCliente" parameterType="cursoDAgil.bd.domain.Cliente" useGeneratedKeys="true" keyProperty="idCliente">
		INSERT INTO cliente (nombre, apellido, email, sexo, idDireccion)
		VALUES (#{nombre}, #{apellido}, #{email}, #{sexo}, #{idDireccion})
	</insert>
	
	<select id="eliminarCliente" resultMap="BaseResultMap" parameterType="Integer">
		DELETE FROM cliente WHERE id = #{id}
	</select>
			
	<update id="actualizarCliente" parameterType="cursoDAgil.bd.domain.Cliente">
		UPDATE cliente SET  nombre=#{nombre},apellido=#{apellido},email=#{email}, sexo=#{sexo},idDireccion=#{idDireccion} WHERE id = #{id}
	</update>
	
	<select id="obtenerClientePorId" resultMap="BaseResultMap" parameterType="hashMap">
		SELECT * FROM cliente WHERE id = #{id}
	</select>
	
	<select id="listarClientesDireccion" resultMap="ResultClienteDireccion">
		SELECT C.*, D.* FROM cliente C INNER JOIN direccion D ON C.idDireccion = D.idDireccion
	</select>
	
	<select id="obtenerClienteDireccionPorId" resultMap="ResultClienteDireccion" parameterType="hashMap">
		SELECT C.*, D.* FROM cliente C INNER JOIN direccion D ON C.idDireccion = D.idDireccion  WHERE  C.id= #{id}
	</select>	
	
</mapper>