<?xml version="1.0" encoding="UTF-8"?>

<!-- EQUIPO 01 -->
<!-- AUTOR: DAVID GERMAN CASTRO ORTIZ -->

<!DOCTYPE mapper PUBLIC "-//mybatis.org//DTD Mapper 3.0//EN" "http://mybatis.org/dtd/mybatis-3-mapper.dtd">
<mapper namespace="cursoDAgil.bd.mappers.DetalleVentaMapper">
	<resultMap id="BaseResultMap" type="cursoDAgil.bd.domain.DetalleVenta">
		<id column="ventaId" jdbcType="INTEGER" property="ventaId"/>
		<result column="productoId" jdbcType="INTEGER" property="productoId"/>
		<result column="cantidad" jdbcType="INTEGER" property="cantidad"/>
	</resultMap>
	
	<resultMap id="ResultDetalleVentaProducto" type="cursoDAgil.bd.domain.DetalleVenta">
		<id column="ventaId" property="ventaId" />
		<result column="productoId" jdbcType="INTEGER" property="productoId"/>
		<result column="cantidad" jdbcType="INTEGER" property="cantidad"/>
		<association property="producto" column="productoId" resultMap="ResultProductoMap" />
	</resultMap>
	
	<resultMap id="ResultProductoMap" type="cursoDAgil.bd.domain.Productos">
		<id column="idProducto" property="idProducto" />
		<result column="nombre" jdbcType="VARCHAR" property="nombre" />
		<result column="precio" jdbcType="DOUBLE" property="precio" />
		<result column="precioVta" jdbcType="DOUBLE" property="precioVta" />
		<result column="cantidad" jdbcType="INTEGER" property="cantidad" />
		<result column="marcaId" jdbcType="INTEGER" property="marcaId" />
	</resultMap>
	
	<select id="listarTodosDetalleVentas" resultMap="ResultDetalleVentaProducto">
		SELECT DV.*, P.* FROM detalleventas DV INNER JOIN productos P WHERE DV.productoId = P.idProducto
		<!-- SELECT DV.*, P.* FROM detalleventas DV INNER JOIN productos P WHERE DV.productoId = P.idProducto AND ventaId = #{ventaId}  -->
	</select>
	
</mapper>