<?xml version="1.0" encoding="UTF-8"?>

<!-- EQUIPO 01 -->
<!-- AUTOR: ARMANDO VENTURA DOMINGUEZ -->

<!DOCTYPE mapper PUBLIC "-//mybatis.org//DTD Mapper 3.0//EN" "http://mybatis.org/dtd/mybatis-3-mapper.dtd">

<mapper namespace="cursoDAgil.bd.mappers.DireccionMapper">
	<resultMap type="cursoDAgil.bd.domain.Direccion" id="BaseResultMap">
		<id column="idDireccion" property="idDireccion" jdbcType="INTEGER"/>
		<result column="calle" property="calle" jdbcType="VARCHAR"/>
		<result column="numero" property="numero" jdbcType="INTEGER"/>
		<result column="colonia" property="colonia" jdbcType="VARCHAR"/>
		<result column="ciudad" property="ciudad" jdbcType="VARCHAR"/>
		<result column="estado" property="estado" jdbcType="VARCHAR"/>
		<result column="pais" property="pais" jdbcType="VARCHAR"/>
		<result column="codigoPostal" property="codigoPostal" jdbcType="INTEGER"/>
	</resultMap>	
	
	<select id="obtenerDirecciones" resultMap="BaseResultMap">
		SELECT * FROM direccion
	</select>
	
	<insert id="nuevaDireccionCliente" parameterType="cursoDAgil.bd.domain.Direccion" useGeneratedKeys="true" keyProperty="idDireccion">
		INSERT INTO direccion(calle, numero, colonia, ciudad, estado, pais, codigoPostal)
		VALUES (#{calle}, #{numero}, #{colonia}, #{ciudad}, #{estado}, #{pais}, #{codigoPostal})
	</insert>
	
	<select id="obtenerDireccionPorId" resultMap="BaseResultMap" parameterType="hashMap">
		SELECT * FROM direccion WHERE idDireccion = #{idDireccion}
		<!-- SELECT D.idDireccion, D.calle, D.numero, D.colonia, D.ciudad, D.estado, D.pais, D.codigoPostal FROM direccion D WHERE idDireccion = #{idDireccion} -->
	</select>
	
	<select id="eliminarDireccionPorId" resultMap="BaseResultMap" parameterType="Integer">
		DELETE FROM direccion WHERE idDireccion = #{idDireccion}
	</select>
	
	<update id="actualizarDireccionCliente" parameterType="cursoDAgil.bd.domain.Direccion">
		UPDATE direccion SET calle = #{calle}, numero = #{numero}, colonia = #{colonia}, ciudad = #{ciudad},
		estado = #{estado}, pais = #{pais}, CodigoPostal = #{codigoPostal} WHERE idDireccion = #{idDireccion}
	</update>
</mapper>