<?xml version="1.0" encoding="UTF-8"?>

<!-- EQUIPO 01 -->
<!-- AUTOR: DAVID GERMAN CASTRO ORTIZ -->

<!DOCTYPE mapper PUBLIC "-//mybatis.org//DTD Mapper 3.0//EN" "http://mybatis.org/dtd/mybatis-3-mapper.dtd">
<mapper namespace="cursoDAgil.bd.mappers.GananciaMapper">
	<resultMap id="BaseResultMap" type="cursoDAgil.bd.domain.Ganancia">
		<id column="idGanancia" property="idGanancia" jdbcType="INTEGER"/>
		<result column="ventaId" property="ventaId" jdbcType="INTEGER" />
		<result column="totalGanancia" property="totalGanancia" jdbcType="DOUBLE" />
		<result column="fecha" property="fecha" jdbcType="DATE" />
	</resultMap>
	
	<select id="listarGanancia" resultMap="BaseResultMap">
		SELECT * FROM ganancias
	</select>
	
	<select id="listarPorFecha" resultMap="BaseResultMap" parameterType="hashMap">
		SELECT * FROM ganancias WHERE fecha = #{fecha}
	</select>

</mapper>