<?xml version="1.0" encoding="UTF-8"?>

<!-- EQUIPO 01 -->
<!-- AUTOR: BRENDA NEGRETE SANCHEZ -->

<!DOCTYPE mapper PUBLIC "-//mybatis.org//DTD Mapper 3.0//EN" "http://mybatis.org/dtd/mybatis-3-mapper.dtd">

<mapper namespace="cursoDAgil.bd.mappers.MarcaMapper">
	<resultMap type="cursoDAgil.bd.domain.Marca" id="BaseResultMap">
		<id column="idMarca" property="idMarca" jdbcType="INTEGER"/>
		<result column="nombreMarca" property="nombreMarca" jdbcType="VARCHAR"/>
	</resultMap>
	
	
	<select id="obtenerMarcas" resultMap="BaseResultMap">
		SELECT * FROM marcas
	</select>
	
	<insert id="nuevaMarca" parameterType="cursoDAgil.bd.domain.Marca" useGeneratedKeys="true" keyProperty="idMarca">
		INSERT INTO marcas(idMarca,nombreMarca)
		VALUES (#{idMarca}, #{nombreMarca})
	</insert>
	
	<select id="obtenerMarca" resultMap="BaseResultMap" parameterType="hashMap">
		SELECT * FROM marcas WHERE idMarca = #{idMarca}
	</select>
	
	<delete id="eliminarMarca" parameterType="hashMap">
		DELETE FROM marcas WHERE idMarca = #{idMarca}
		 <!-- DELETE P, M FROM marcas M JOIN productos P ON M.idMarca = P.idMarca WHERE M.idMarca = #{idMarca} -->
	</delete>
	
	<update id="cambiarMarca" parameterType="cursoDAgil.bd.domain.Marca">
		UPDATE marcas SET nombreMarca = #{nombreMarca} WHERE idMarca = #{idMarca}
	</update>
</mapper>