<?xml version="1.0" encoding="UTF-8"?>

<!-- EQUIPO 01 -->
<!-- AUTOR: ALEJANDRA LOPEZ ROJAS -->

<!DOCTYPE mapper PUBLIC "-//mybatis.org//DTD Mapper 3.0//EN" "http://mybatis.org/dtd/mybatis-3-mapper.dtd">
<mapper namespace="cursoDAgil.bd.mappers.ProductosMapper">
	<resultMap type="cursoDAgil.bd.domain.Productos" id="BaseResultMap">
		<id column="idProducto" property="idProducto" jdbcType="INTEGER"/>
		<result column="nombre" property="nombre" jdbcType="VARCHAR"/>
		<result column="precio" property="precio" jdbcType="DOUBLE"/>
		<result column="precioVta" property="precioVta" jdbcType="DOUBLE"/>
		<result column="cantidad" property="cantidad" jdbcType="INTEGER"/>
		<result column="marcaId" property="marcaId" jdbcType="INTEGER"/>
	</resultMap>
	
	<resultMap id="MarcaResultMap" type="cursoDAgil.bd.domain.Marca">
		<id column="idMarca" property="idMarca"/>
		<result column="nombreMarca" property="nombreMarca"/>
	</resultMap>
	
	<resultMap id="ResultProductoMarca" type="cursoDAgil.bd.domain.Productos">
		<id column="idProducto" property="idProducto" jdbcType="INTEGER"/>
		<result column="nombre" property="nombre" jdbcType="VARCHAR"/>
		<result column="precio" property="precio" jdbcType="DOUBLE"/>
		<result column="precioVta" property="precioVta" jdbcType="DOUBLE"/>
		<result column="cantidad" property="cantidad" jdbcType="INTEGER"/>
		<result column="marcaId" property="marcaId" jdbcType="INTEGER"/>
		<association property="marca" column="idMarca" resultMap="MarcaResultMap"/>
	</resultMap>
	
	<select id="listarProductos" resultMap="BaseResultMap">
		SELECT * FROM productos
	</select>
	
	 <insert id="nuevoProducto" parameterType="cursoDAgil.bd.domain.Productos" useGeneratedKeys="true" keyProperty="idProducto">
		INSERT INTO productos(idProducto, nombre, precio, precioVta, cantidad, marcaId) VALUES (#{idProducto}, #{nombre}, #{precio}, #{precioVta}, #{cantidad}, #{marcaId})
		<!-- INSERT INTO productos(nombre, precio, precioVta, cantidad, marcaId) VALUES (#{nombre}, #{precio}, #{precioVta}, #{cantidad}, #{marcaId}) -->
	</insert>
	
	<delete id="eliminarProducto" parameterType="int"  >
		DELETE FROM productos WHERE idProducto = #{idProducto}
	</delete>
	
	<update id="modificarProducto" parameterType="cursoDAgil.bd.domain.Productos" >
		UPDATE productos SET nombre=#{nombre}, precio= #{precio}, precioVta=#{precioVta}, cantidad= #{cantidad}, marcaId=#{marcaId} WHERE idProducto = #{idProducto}
	</update>
	
	<select id="obtenerProductoPorId" resultMap="BaseResultMap" parameterType="hashMap">
		SELECT * FROM productos WHERE idProducto = #{idProducto}
	</select>
	
	<select id ="listarProductosYmarcas" resultMap="ResultProductoMarca">
		SELECT P.*, M.* FROM productos P INNER JOIN marcas M ON P.marcaId = M .idMarca
	</select>
	
	<select id="consultaProductoPorIdmosrarMarca" resultMap="ResultProductoMarca" parameterType="hashMap">
		SELECT P.*, M.* FROM productos P INNER JOIN marcas M  ON P.marcaId = M.idMarca  WHERE  P.idProducto = #{idProducto}
	</select>
	 
</mapper>