<?xml version="1.0" encoding="UTF-8"?>

<!-- EQUIPO 01 -->
<!-- AUTOR: DAVID GERMAN CASTRO ORTIZ -->

<!DOCTYPE mapper PUBLIC "-//mybatis.org//DTD Mapper 3.0//EN" "http://mybatis.org/dtd/mybatis-3-mapper.dtd">
<mapper namespace="cursoDAgil.bd.mappers.VentaMapper">
	<resultMap type="cursoDAgil.bd.domain.Ventas" id="BaseResultMap">
		<id column="idVenta" property="idVenta" jdbcType="INTEGER"/>
		<result column="clienteId" property="clienteId" jdbcType="INTEGER"/>
		<result column="totalVenta" property="totalVenta" jdbcType="DOUBLE"/>
		<result column="fecha" property="fecha" jdbcType="DATE"/>
	</resultMap>
	
	<resultMap type="cursoDAgil.bd.domain.Ventas" id="BaseResultVentaCliente">
		<id column="idVenta" property="idVenta" jdbcType="INTEGER"/>
		<result column="clienteId" property="clienteId" jdbcType="INTEGER"/>
		<result column="totalVenta" property="totalVenta" jdbcType="DOUBLE"/>
		<result column="fecha" property="fecha" jdbcType="DATE"/>
		<association property="cliente" column="ClienteId" resultMap="ClienteResultMap"/>
	</resultMap>
	
	<resultMap id="ClienteResultMap" type="cursoDAgil.bd.domain.Cliente">
		<id column="id" jdbcType="INTEGER" property="id"/>
		<result column="nombre" jdbcType="VARCHAR" property="nombre"/>
		<result column="apellido" jdbcType="VARCHAR" property="apellido"/>
		<result column="email" jdbcType="VARCHAR" property="email"/>
		<result column="sexo" jdbcType="VARCHAR" property="sexo"/>
		<result column="idDireccion" jdbcType="VARCHAR" property="idDireccion"/>
	</resultMap>
	
	<select id="listarTodasVentas" resultMap="BaseResultVentaCliente">
		SELECT C.*, V.* FROM cliente C INNER JOIN ventas V ON C.id = V.clienteId
	</select>
	
	<select id="obtenerVentaPorId" resultMap="BaseResultVentaCliente" parameterType="hashMap">
		SELECT V.*, C.* FROM ventas V INNER JOIN cliente C ON V.clienteId = C.id WHERE V.idVenta = #{idVenta}
	</select>
	
	<select id="obtenerVentasPorCliente" resultMap="BaseResultVentaCliente" parameterType="hashMap">
		SELECT V.*, C.* FROM ventas V INNER JOIN cliente C ON V.clienteId = C.id WHERE C.nombre = #{nombre} AND C.apellido = #{apellido}
	</select>
	
	<insert id="nuevaVenta" parameterType="cursoDAgil.bd.domain.Ventas" useGeneratedKeys="true" keyProperty="idVenta">
		INSERT INTO ventas(idVenta, clienteId, totalVenta, fecha) VALUES (#{idVenta}, #{clienteId}, #{totalVenta}, #{fecha})
	</insert>	
</mapper>

<!-- 
	DELETE FROM ventas WHERE idVenta = 1239
 -->